timestamp,wave_height_m,wind_speed_kmh,water_temp_c,tide_level_m,pressure_hpa,coastal_threat
2025-01-01 00:00:00,1.85,39.0,21.97,0.24,1006.1,0
2025-01-01 00:15:00,1.4,34.2,23.57,0.66,1012.8,0
2025-01-01 00:30:00,1.95,25.6,21.62,0.83,1013.1,0
2025-01-01 00:45:00,2.57,18.5,23.08,1.76,1016.8,0
2025-01-01 01:00:00,1.34,32.0,18.32,1.22,1002.1,0
2025-01-01 01:15:00,1.34,28.9,24.64,0.47,1017.7,0
2025-01-01 01:30:00,2.61,34.0,24.0,1.19,991.4,1
2025-01-01 01:45:00,2.04,31.4,21.55,0.38,1008.0,0
2025-01-01 02:00:00,1.17,35.5,25.98,1.43,1009.1,0
2025-01-01 02:15:00,1.88,19.6,26.81,0.81,1018.1,0
2025-01-01 02:30:00,1.18,38.2,19.18,0.96,1013.2,0
2025-01-01 02:45:00,1.17,27.0,21.71,1.53,1001.8,0
2025-01-01 03:00:00,1.67,45.8,21.69,0.49,1005.1,0
2025-01-01 03:15:00,0.16,18.1,21.18,0.44,1014.6,0
2025-01-01 03:30:00,0.29,42.4,26.49,0.77,1012.4,0
2025-01-01 03:45:00,1.11,27.0,23.42,1.42,1008.4,0
2025-01-01 04:00:00,0.79,18.5,23.21,0.39,1009.2,0
2025-01-01 04:15:00,1.72,20.2,17.99,-0.13,1018.6,0
2025-01-01 04:30:00,0.86,21.8,25.91,0.82,1008.9,0
2025-01-01 04:45:00,0.51,29.2,20.28,1.22,1012.3,0
2025-01-01 05:00:00,2.53,30.2,24.18,1.48,1030.4,0
2025-01-01 05:15:00,1.34,19.3,24.83,0.81,1001.6,0
2025-01-01 05:30:00,1.55,24.8,28.08,0.84,998.2,1
2025-01-01 05:45:00,0.5,46.4,20.07,1.46,1019.3,0
2025-01-01 06:00:00,1.12,42.3,14.94,0.25,1007.6,0
2025-01-01 06:15:00,1.58,29.4,24.55,0.84,1010.5,0
2025-01-01 06:30:00,0.69,25.4,29.4,1.08,1006.8,0
2025-01-01 06:45:00,1.76,26.2,27.72,1.18,1010.9,0
2025-01-01 07:00:00,1.08,31.1,24.63,0.8,1025.8,0
2025-01-01 07:15:00,1.3,14.8,22.53,1.01,1019.4,0
2025-01-01 07:30:00,1.08,22.4,26.42,0.0,1019.9,0
2025-01-01 07:45:00,2.8,8.3,21.08,0.74,1001.7,0
2025-01-01 08:00:00,1.49,29.0,25.43,1.18,1003.8,0
2025-01-01 08:15:00,0.76,31.5,25.52,0.61,990.3,1
2025-01-01 08:30:00,2.08,20.2,27.18,1.02,1006.5,0
2025-01-01 08:45:00,0.65,40.7,32.28,1.18,1020.7,0
2025-01-01 09:00:00,1.65,12.7,25.18,0.86,1017.1,0
2025-01-01 09:15:00,0.13,10.4,22.47,1.07,1011.2,0
2025-01-01 09:30:00,0.57,27.2,23.92,0.61,1012.8,0
2025-01-01 09:45:00,1.64,35.5,18.69,0.92,1007.5,0
2025-01-01 10:00:00,2.02,41.8,21.92,1.24,1014.6,0
2025-01-01 10:15:00,1.62,20.4,22.77,1.06,1019.1,0
2025-01-01 10:30:00,1.42,35.8,22.43,0.77,1000.1,0
2025-01-01 10:45:00,1.29,24.6,24.46,1.09,1015.4,0
2025-01-01 11:00:00,0.47,23.3,21.53,1.29,1020.5,0
2025-01-01 11:15:00,1.0,33.8,27.36,0.18,1009.7,0
2025-01-01 11:30:00,1.18,31.5,24.0,1.46,1018.6,0
2025-01-01 11:45:00,2.24,9.2,23.97,0.87,1035.5,0
2025-01-01 12:00:00,1.74,39.8,23.02,1.17,1012.2,0
2025-01-01 12:15:00,0.27,38.8,24.47,1.48,1016.1,0
2025-01-01 12:30:00,1.73,18.7,26.48,0.45,1007.1,0
2025-01-01 12:45:00,1.23,29.0,21.4,0.72,1014.5,0
2025-01-01 13:00:00,1.03,29.9,22.03,0.88,1016.7,0
2025-01-01 13:15:00,1.93,27.6,23.09,0.69,1014.6,0
2025-01-01 13:30:00,2.22,19.5,19.96,1.69,1004.8,0
2025-01-01 13:45:00,2.15,18.3,21.54,0.66,1014.7,0
2025-01-01 14:00:00,0.91,24.7,22.57,0.78,1024.7,0
2025-01-01 14:15:00,1.28,36.7,26.62,1.08,1016.6,0
2025-01-01 14:30:00,1.73,30.4,24.79,0.52,1020.7,0
2025-01-01 14:45:00,2.18,21.3,24.58,0.84,1011.1,0
2025-01-01 15:00:00,1.16,32.7,26.55,1.13,1019.0,0
2025-01-01 15:15:00,1.37,-3.5,23.59,0.87,1015.2,0
2025-01-01 15:30:00,0.73,36.5,25.17,0.96,1005.4,0
2025-01-01 15:45:00,0.66,7.6,23.69,0.79,1015.5,0
2025-01-01 16:00:00,2.07,21.4,24.8,0.39,1005.1,0
2025-01-01 16:15:00,2.45,13.8,22.25,1.13,1007.9,0
2025-01-01 16:30:00,1.45,12.1,16.68,1.7,1014.5,0
2025-01-01 16:45:00,2.2,36.6,23.6,1.01,1015.4,0
2025-01-01 17:00:00,1.75,20.3,28.27,1.09,1003.5,0
2025-01-01 17:15:00,1.05,28.5,26.78,1.28,1021.4,0
2025-01-01 17:30:00,1.75,24.5,26.9,0.49,1017.6,0
2025-01-01 17:45:00,2.58,29.8,27.71,1.68,1007.4,0
2025-01-01 18:00:00,1.47,25.8,24.27,1.08,1000.7,0
2025-01-01 18:15:00,2.6,12.2,24.59,1.65,1011.8,0
2025-01-01 18:30:00,-0.33,35.0,22.15,0.71,1009.4,0
2025-01-01 18:45:00,2.08,20.1,23.05,1.73,1013.9,0
2025-01-01 19:00:00,1.56,9.4,25.85,1.31,1010.1,0
2025-01-01 19:15:00,1.29,20.7,27.61,1.22,996.9,1
2025-01-01 19:30:00,1.56,40.0,23.58,1.09,1009.9,0
2025-01-01 19:45:00,0.11,33.5,22.65,0.9,1010.6,0
2025-01-01 20:00:00,1.35,21.5,24.0,1.48,1018.1,0
2025-01-01 20:15:00,1.75,21.5,25.8,1.06,1007.4,0
2025-01-01 20:30:00,2.53,21.8,19.67,0.21,1026.4,0
2025-01-01 20:45:00,1.14,45.8,17.11,0.55,997.7,1
2025-01-01 21:00:00,0.93,28.8,22.35,0.93,1023.5,0
2025-01-01 21:15:00,1.15,29.3,20.34,1.12,1011.2,0
2025-01-01 21:30:00,2.14,35.3,22.48,0.98,1019.9,0
2025-01-01 21:45:00,1.73,27.4,23.56,1.49,1013.6,0
2025-01-01 22:00:00,1.13,22.4,22.64,0.22,1022.1,0
2025-01-01 22:15:00,1.86,23.0,28.36,1.06,1009.9,0
2025-01-01 22:30:00,1.57,24.3,24.98,0.27,1004.2,0
2025-01-01 22:45:00,2.18,24.6,24.9,1.3,1024.4,0
2025-01-01 23:00:00,1.01,32.3,25.87,0.96,1012.1,0
2025-01-01 23:15:00,1.27,25.5,20.58,1.17,1014.8,0
2025-01-01 23:30:00,1.23,32.3,27.12,0.65,1022.9,0
2025-01-01 23:45:00,0.48,24.2,23.77,1.51,1004.7,0
2025-01-02 00:00:00,1.71,25.8,26.01,1.42,1017.8,0
2025-01-02 00:15:00,1.68,5.0,20.78,1.23,1008.3,0
2025-01-02 00:30:00,1.5,34.2,19.34,0.95,1011.9,0
2025-01-02 00:45:00,1.34,28.5,26.45,1.23,1013.6,0
2025-01-02 01:00:00,0.51,35.0,25.13,0.72,1001.0,0
2025-01-02 01:15:00,1.21,-4.0,21.29,1.34,1006.8,0
2025-01-02 01:30:00,1.26,45.9,21.39,1.66,1023.8,0
2025-01-02 01:45:00,0.94,23.6,27.38,1.43,1020.1,0
2025-01-02 02:00:00,1.39,36.1,20.43,0.71,1012.5,0
2025-01-02 02:15:00,1.78,14.6,28.93,1.14,1014.9,0
2025-01-02 02:30:00,2.82,31.1,21.3,0.48,1010.6,0
2025-01-02 02:45:00,1.62,14.5,25.92,1.23,1023.9,0
2025-01-02 03:00:00,1.68,18.8,23.01,1.18,1011.4,0
2025-01-02 03:15:00,1.45,44.1,25.81,0.25,1014.9,0
2025-01-02 03:30:00,0.16,23.1,22.37,0.54,1022.2,0
2025-01-02 03:45:00,1.48,27.2,23.51,0.89,1006.8,0
2025-01-02 04:00:00,1.54,33.7,24.12,0.88,1025.5,0
2025-01-02 04:15:00,3.22,30.0,20.99,0.52,1000.8,1
2025-01-02 04:30:00,1.37,26.5,26.22,1.16,1026.0,0
2025-01-02 04:45:00,1.71,28.6,22.46,1.1,1010.0,0
2025-01-02 05:00:00,1.48,49.0,23.31,0.92,1011.1,0
2025-01-02 05:15:00,0.68,24.4,21.02,0.7,997.9,1
2025-01-02 05:30:00,2.3,27.0,16.31,1.42,1009.4,0
2025-01-02 05:45:00,2.03,35.5,23.43,1.66,1004.7,0
2025-01-02 06:00:00,2.05,36.1,31.24,0.81,1008.1,0
2025-01-02 06:15:00,0.86,36.9,26.35,0.76,1011.9,0
2025-01-02 06:30:00,2.48,31.4,23.94,1.2,1020.7,0
2025-01-02 06:45:00,0.52,13.6,23.21,0.86,1014.7,0
2025-01-02 07:00:00,1.91,41.3,24.07,0.94,1015.5,0
2025-01-02 07:15:00,3.03,13.5,25.64,1.3,1004.2,1
2025-01-02 07:30:00,0.81,28.0,20.46,0.24,1006.0,0
2025-01-02 07:45:00,1.1,17.5,27.34,1.53,1027.4,0
2025-01-02 08:00:00,1.57,24.4,26.15,1.03,1007.1,0
2025-01-02 08:15:00,1.15,28.3,26.15,0.84,1026.2,0
2025-01-02 08:30:00,0.41,28.2,25.32,0.96,1011.1,0
2025-01-02 08:45:00,1.55,29.2,24.06,0.98,1013.0,0
2025-01-02 09:00:00,0.76,41.1,26.02,0.31,1021.6,0
2025-01-02 09:15:00,1.83,29.5,25.78,1.6,1023.2,0
2025-01-02 09:30:00,0.86,22.6,22.94,1.02,1012.1,0
2025-01-02 09:45:00,2.58,34.6,22.28,1.18,1009.9,0
2025-01-02 10:00:00,0.95,36.9,24.31,1.38,1012.6,0
2025-01-02 10:15:00,1.27,12.7,28.65,0.59,1015.7,0
2025-01-02 10:30:00,2.07,31.0,20.28,1.19,1020.1,0
2025-01-02 10:45:00,0.64,32.0,19.6,0.89,1013.0,0
2025-01-02 11:00:00,1.66,22.0,24.49,1.34,1018.0,0
2025-01-02 11:15:00,2.41,38.8,24.15,0.15,1026.1,0
2025-01-02 11:30:00,0.37,23.5,24.52,0.96,1016.1,0
2025-01-02 11:45:00,1.63,26.3,24.73,0.76,1015.5,0
2025-01-02 12:00:00,1.68,23.3,23.33,1.17,1000.8,0
2025-01-02 12:15:00,2.05,25.2,28.47,1.19,992.0,1
2025-01-02 12:30:00,0.63,14.0,19.2,0.72,1016.1,0
2025-01-02 12:45:00,0.58,10.6,21.51,0.72,1012.2,0
2025-01-02 13:00:00,1.87,40.9,23.69,0.96,1008.9,0
2025-01-02 13:15:00,1.71,16.5,19.07,0.64,1014.9,0
2025-01-02 13:30:00,1.68,15.1,23.47,1.34,1012.5,0
2025-01-02 13:45:00,1.74,3.5,28.98,0.85,1022.0,0
2025-01-02 14:00:00,1.02,18.6,24.06,-0.16,1013.7,0
2025-01-02 14:15:00,1.66,11.8,24.69,0.85,1007.0,0
2025-01-02 14:30:00,1.71,41.4,20.22,0.58,1020.9,0
2025-01-02 14:45:00,1.0,35.1,22.15,0.35,1011.3,0
2025-01-02 15:00:00,2.81,18.1,22.87,0.51,1017.2,0
2025-01-02 15:15:00,1.83,47.5,23.05,1.04,1009.2,0
2025-01-02 15:30:00,0.67,34.8,27.84,1.53,1007.8,0
2025-01-02 15:45:00,1.96,21.8,25.67,1.13,1013.7,0
2025-01-02 16:00:00,0.82,0.0,20.67,0.76,1013.1,0
2025-01-02 16:15:00,2.05,47.9,24.74,1.18,1016.8,0
2025-01-02 16:30:00,2.31,11.1,25.49,0.82,1010.9,0
2025-01-02 16:45:00,0.93,8.5,27.42,0.72,998.3,1
2025-01-02 17:00:00,2.17,35.2,28.74,0.54,1009.5,0
2025-01-02 17:15:00,1.79,49.4,20.95,0.3,1019.4,0
2025-01-02 17:30:00,2.08,38.8,21.57,0.84,1010.6,0
2025-01-02 17:45:00,2.83,30.6,20.23,1.06,1011.0,0
2025-01-02 18:00:00,1.33,30.9,23.3,0.96,1020.9,0
2025-01-02 18:15:00,0.97,33.5,25.4,0.83,1007.3,0
2025-01-02 18:30:00,0.88,32.6,26.96,0.62,1000.7,0
2025-01-02 18:45:00,0.93,27.8,23.77,1.24,1011.7,0
2025-01-02 19:00:00,1.45,26.0,23.04,0.47,1009.1,0
2025-01-02 19:15:00,1.74,24.4,24.46,1.31,1005.3,0
2025-01-02 19:30:00,1.69,17.5,21.49,0.6,1011.6,0
2025-01-02 19:45:00,2.08,22.2,30.27,0.7,1016.9,0
2025-01-02 20:00:00,1.51,8.1,19.18,0.41,1012.9,0
2025-01-02 20:15:00,2.52,24.0,24.55,0.8,1015.5,0
2025-01-02 20:30:00,1.31,15.1,30.07,1.39,1027.5,0
2025-01-02 20:45:00,3.4,14.0,24.02,1.21,1010.3,1
2025-01-02 21:00:00,1.94,26.8,23.43,1.39,1015.2,0
2025-01-02 21:15:00,0.9,38.9,22.93,1.21,1008.9,0
2025-01-02 21:30:00,0.75,34.2,23.46,0.56,1006.2,0
2025-01-02 21:45:00,1.84,9.3,28.12,0.87,1008.3,0
2025-01-02 22:00:00,1.34,15.1,17.36,0.69,1009.2,0
2025-01-02 22:15:00,2.0,34.4,28.6,1.53,1015.9,0
2025-01-02 22:30:00,1.83,15.2,19.73,0.52,1031.8,0
2025-01-02 22:45:00,1.45,22.8,23.2,1.36,1007.3,0
2025-01-02 23:00:00,0.91,30.5,22.71,1.36,1009.7,0
2025-01-02 23:15:00,0.44,15.3,25.77,1.73,1012.5,0
2025-01-02 23:30:00,1.19,26.1,19.21,0.84,1016.2,0
2025-01-02 23:45:00,2.1,11.7,25.39,1.28,1015.1,0
2025-01-03 00:00:00,1.65,19.0,30.07,1.91,1023.3,0
2025-01-03 00:15:00,0.63,28.2,19.91,0.75,993.6,1
2025-01-03 00:30:00,1.62,9.1,24.57,0.39,993.9,1
2025-01-03 00:45:00,1.77,29.4,22.01,0.25,1009.0,0
2025-01-03 01:00:00,0.88,24.8,25.28,1.29,1021.8,0
2025-01-03 01:15:00,1.61,30.5,24.06,0.25,1000.5,0
2025-01-03 01:30:00,1.54,27.2,22.08,0.85,988.9,1
2025-01-03 01:45:00,0.7,38.6,25.46,1.17,1017.6,0
2025-01-03 02:00:00,1.75,26.3,29.41,1.07,1014.9,0
2025-01-03 02:15:00,1.89,20.7,23.43,1.17,1004.3,0
2025-01-03 02:30:00,2.26,26.2,26.16,1.09,1005.1,0
2025-01-03 02:45:00,2.24,30.4,20.12,1.51,1005.2,0
2025-01-03 03:00:00,0.54,25.5,21.13,0.62,1013.9,0
2025-01-03 03:15:00,0.84,25.4,25.42,0.73,1008.0,0
2025-01-03 03:30:00,1.86,18.0,28.45,0.69,1017.0,0
2025-01-03 03:45:00,1.86,18.4,25.07,1.33,990.2,1
2025-01-03 04:00:00,1.86,11.0,23.06,1.36,1006.1,0
2025-01-03 04:15:00,4.2,42.5,24.0,1.18,1004.0,1
2025-01-03 04:30:00,1.9,12.6,20.25,1.47,1010.9,0
2025-01-03 04:45:00,2.29,18.1,25.81,0.53,1008.7,0
2025-01-03 05:00:00,2.17,17.8,26.65,1.67,1019.4,0
2025-01-03 05:15:00,1.96,33.9,22.64,1.61,998.1,1
2025-01-03 05:30:00,1.28,22.1,22.59,1.29,1013.4,0
2025-01-03 05:45:00,2.03,37.5,24.8,1.71,1017.5,0
2025-01-03 06:00:00,0.96,18.3,22.69,0.34,1027.9,0
2025-01-03 06:15:00,1.33,27.8,23.8,0.79,1009.1,0
2025-01-03 06:30:00,1.16,16.6,30.3,0.71,1015.6,0
2025-01-03 06:45:00,1.56,46.5,23.26,1.29,998.6,1
2025-01-03 07:00:00,3.12,13.1,22.92,0.58,993.9,1
2025-01-03 07:15:00,0.19,28.1,22.06,1.3,1019.8,0
2025-01-03 07:30:00,1.98,31.3,26.23,1.55,1013.0,0
2025-01-03 07:45:00,0.37,29.1,23.46,1.28,1022.4,0
2025-01-03 08:00:00,1.17,23.1,22.05,1.11,1002.0,0
2025-01-03 08:15:00,2.26,23.7,27.96,0.6,1017.2,0
2025-01-03 08:30:00,1.54,25.4,28.26,0.66,1028.0,0
2025-01-03 08:45:00,0.75,23.5,22.2,1.5,1016.4,0
2025-01-03 09:00:00,1.0,34.6,18.4,1.31,1015.2,0
2025-01-03 09:15:00,1.98,47.1,27.02,0.98,1013.1,0
2025-01-03 09:30:00,0.99,19.4,21.95,0.83,1000.4,0
2025-01-03 09:45:00,1.65,11.3,26.37,0.19,1023.8,0
2025-01-03 10:00:00,1.53,24.1,18.09,0.57,1008.1,0
2025-01-03 10:15:00,1.04,50.8,26.68,1.76,1017.0,0
2025-01-03 10:30:00,3.0,17.0,20.37,0.49,1000.5,0
2025-01-03 10:45:00,1.94,41.4,26.19,1.08,1003.6,0
2025-01-03 11:00:00,0.08,41.8,24.04,1.4,1024.5,0
2025-01-03 11:15:00,1.63,19.5,21.14,0.5,1010.2,0
2025-01-03 11:30:00,1.04,30.7,22.78,1.07,1024.6,0
2025-01-03 11:45:00,2.1,41.3,26.06,1.38,1012.4,0
2025-01-03 12:00:00,0.95,21.2,24.32,1.0,998.3,1
2025-01-03 12:15:00,1.42,23.0,25.75,2.15,1020.1,0
2025-01-03 12:30:00,1.85,19.2,29.93,0.33,1008.3,0
2025-01-03 12:45:00,2.11,14.9,19.31,1.42,1018.6,0
2025-01-03 13:00:00,0.66,18.5,28.85,0.93,1013.2,0
2025-01-03 13:15:00,1.27,12.8,24.31,1.31,1000.7,0
2025-01-03 13:30:00,1.17,25.3,21.3,1.18,1014.3,0
2025-01-03 13:45:00,1.04,17.3,20.01,0.71,1030.6,0
2025-01-03 14:00:00,2.74,27.3,23.43,1.09,1016.9,0
2025-01-03 14:15:00,1.78,9.4,26.76,0.26,1012.5,0
2025-01-03 14:30:00,0.62,28.3,23.62,1.24,1021.6,0
2025-01-03 14:45:00,2.14,33.3,28.53,1.12,1014.7,0
2025-01-03 15:00:00,2.99,5.1,19.65,1.26,1014.7,0
2025-01-03 15:15:00,2.22,28.7,23.96,1.42,1004.3,0
2025-01-03 15:30:00,0.44,37.3,20.24,1.15,1014.9,0
2025-01-03 15:45:00,1.16,12.9,25.09,1.06,1021.3,0
2025-01-03 16:00:00,2.39,41.7,26.66,0.65,1006.3,0
2025-01-03 16:15:00,1.0,29.2,22.74,0.72,1024.4,0
2025-01-03 16:30:00,1.81,17.9,16.19,1.47,1012.3,0
2025-01-03 16:45:00,2.04,24.4,24.6,1.57,1005.9,0
2025-01-03 17:00:00,0.85,30.6,25.31,0.9,1021.0,0
2025-01-03 17:15:00,1.46,25.8,25.21,1.02,1010.7,0
2025-01-03 17:30:00,-0.77,30.4,27.71,0.64,1019.1,0
2025-01-03 17:45:00,0.78,15.8,20.79,1.47,1010.7,0
2025-01-03 18:00:00,1.32,26.7,26.04,1.27,1012.5,0
2025-01-03 18:15:00,0.63,10.9,27.58,1.78,1016.9,0
2025-01-03 18:30:00,2.64,23.9,18.66,0.65,1015.3,0
2025-01-03 18:45:00,0.5,16.0,24.96,0.85,997.0,1
2025-01-03 19:00:00,1.19,17.6,22.49,1.09,1004.0,0
2025-01-03 19:15:00,1.59,37.4,23.76,1.26,1020.4,0
2025-01-03 19:30:00,2.51,35.9,25.04,0.91,1011.9,0
2025-01-03 19:45:00,0.49,31.1,22.54,0.65,1008.8,0
2025-01-03 20:00:00,2.31,14.1,21.97,1.35,1002.1,0
2025-01-03 20:15:00,1.51,21.8,24.1,1.29,1004.4,0
2025-01-03 20:30:00,0.81,37.1,20.74,0.63,996.8,1
2025-01-03 20:45:00,1.82,26.4,20.74,1.54,1012.2,0
2025-01-03 21:00:00,1.64,48.2,26.04,1.47,1008.2,0
2025-01-03 21:15:00,1.08,28.9,20.55,1.05,1005.3,0
2025-01-03 21:30:00,1.55,26.9,26.0,1.03,1012.5,0
2025-01-03 21:45:00,1.23,21.9,25.39,1.22,1015.9,0
2025-01-03 22:00:00,1.58,26.3,18.82,0.66,1029.7,0
2025-01-03 22:15:00,1.96,23.5,21.97,1.01,1000.9,0
2025-01-03 22:30:00,2.61,32.1,27.58,0.14,1022.3,0
2025-01-03 22:45:00,0.63,34.6,21.06,1.35,1020.8,0
2025-01-03 23:00:00,2.99,17.1,22.61,0.38,1006.8,0
2025-01-03 23:15:00,0.13,11.7,25.39,1.6,1014.6,0
2025-01-03 23:30:00,1.39,6.6,26.35,0.87,1009.3,0
2025-01-03 23:45:00,1.91,30.1,23.25,0.92,1014.5,0
2025-01-04 00:00:00,1.7,14.0,22.21,0.75,1025.1,0
2025-01-04 00:15:00,1.06,3.5,28.27,0.88,1017.8,0
2025-01-04 00:30:00,1.35,28.9,29.22,1.57,1017.1,0
2025-01-04 00:45:00,1.15,49.9,26.94,0.0,1009.6,0
2025-01-04 01:00:00,1.09,24.9,24.26,1.51,1001.1,0
2025-01-04 01:15:00,2.09,33.4,21.58,1.14,1011.3,0
2025-01-04 01:30:00,1.75,25.8,21.51,0.52,1022.7,0
2025-01-04 01:45:00,1.01,24.0,25.57,0.57,1000.8,0
2025-01-04 02:00:00,2.13,34.2,25.26,1.67,1004.6,0
2025-01-04 02:15:00,1.72,22.1,28.2,0.62,1014.0,0
2025-01-04 02:30:00,2.07,27.7,25.95,0.54,1005.1,0
2025-01-04 02:45:00,1.94,28.2,19.49,1.45,1006.7,0
2025-01-04 03:00:00,0.92,18.3,27.16,1.14,1009.6,0
2025-01-04 03:15:00,1.11,34.9,21.01,0.62,1002.1,0
2025-01-04 03:30:00,2.02,23.3,22.85,1.09,1005.2,0
2025-01-04 03:45:00,1.93,17.4,24.75,0.59,1018.6,0
2025-01-04 04:00:00,1.49,30.4,29.99,1.44,1002.5,0
2025-01-04 04:15:00,1.58,16.0,33.33,1.42,1000.2,0
2025-01-04 04:30:00,2.39,25.3,25.82,1.21,1008.0,0
2025-01-04 04:45:00,1.09,24.9,23.45,1.14,1018.9,0
2025-01-04 05:00:00,1.88,35.9,25.6,1.7,1011.4,0
2025-01-04 05:15:00,1.36,29.7,26.66,1.0,1009.3,0
2025-01-04 05:30:00,1.35,24.7,23.04,0.53,1013.4,0
2025-01-04 05:45:00,2.27,33.2,29.39,1.18,999.0,1
2025-01-04 06:00:00,2.08,38.9,24.69,1.83,1017.0,0
2025-01-04 06:15:00,2.07,30.6,25.49,0.59,1016.1,0
2025-01-04 06:30:00,2.41,25.1,26.0,0.86,1009.7,0
2025-01-04 06:45:00,1.51,11.9,25.26,1.17,1021.0,0
2025-01-04 07:00:00,1.98,14.3,26.52,0.98,1004.0,0
2025-01-04 07:15:00,1.28,21.9,22.15,0.61,1022.0,0
2025-01-04 07:30:00,1.73,18.9,22.33,1.45,1014.2,0
2025-01-04 07:45:00,1.41,23.1,20.7,1.93,1010.3,0
2025-01-04 08:00:00,1.57,25.6,25.32,1.08,1012.8,0
2025-01-04 08:15:00,1.92,30.3,26.34,0.64,1012.1,0
2025-01-04 08:30:00,0.93,24.3,25.37,0.38,1022.8,0
2025-01-04 08:45:00,2.96,29.9,29.02,1.1,1004.4,0
2025-01-04 09:00:00,0.8,25.6,23.98,1.44,1006.9,0
2025-01-04 09:15:00,0.65,5.2,26.01,1.19,1021.3,0
2025-01-04 09:30:00,2.31,15.6,20.72,1.0,1008.2,0
2025-01-04 09:45:00,2.05,23.6,22.84,0.76,1020.2,0
2025-01-04 10:00:00,1.94,12.9,26.09,0.56,1026.6,0
2025-01-04 10:15:00,1.94,31.0,26.55,1.33,1009.8,0
2025-01-04 10:30:00,1.49,40.3,23.12,1.37,1018.5,0
2025-01-04 10:45:00,0.87,37.2,23.79,0.38,1003.8,0
2025-01-04 11:00:00,1.55,22.9,19.45,1.64,1019.0,0
2025-01-04 11:15:00,1.03,39.9,22.93,1.23,1014.6,0
2025-01-04 11:30:00,2.18,26.5,26.67,1.56,1016.8,0
2025-01-04 11:45:00,1.4,21.6,25.73,0.46,1007.8,0
2025-01-04 12:00:00,0.92,18.9,25.5,0.45,999.7,1
2025-01-04 12:15:00,1.28,22.0,24.15,0.94,1017.0,0
2025-01-04 12:30:00,1.79,21.1,24.02,1.2,996.5,1
2025-01-04 12:45:00,1.11,26.7,22.02,1.72,1010.5,0
2025-01-04 13:00:00,0.92,26.6,26.1,1.28,1020.5,0
2025-01-04 13:15:00,1.67,25.0,25.26,0.9,1014.5,0
2025-01-04 13:30:00,1.67,29.4,25.48,0.59,1028.6,0
2025-01-04 13:45:00,1.15,36.9,22.42,1.49,1021.2,0
2025-01-04 14:00:00,1.17,34.5,17.54,0.61,1007.8,0
2025-01-04 14:15:00,1.66,10.2,27.29,1.65,1013.2,0
2025-01-04 14:30:00,0.49,-0.5,22.56,0.89,1012.6,0
2025-01-04 14:45:00,0.51,34.3,21.41,1.64,1000.3,0
2025-01-04 15:00:00,1.0,11.3,26.08,1.27,1005.5,0
2025-01-04 15:15:00,1.35,22.8,22.82,0.95,1008.5,0
2025-01-04 15:30:00,1.72,13.3,27.18,0.79,996.7,1
2025-01-04 15:45:00,2.53,7.0,25.85,0.86,1013.4,0
2025-01-04 16:00:00,2.1,30.4,26.05,1.17,1011.0,0
2025-01-04 16:15:00,1.39,32.6,19.9,1.03,999.6,1
2025-01-04 16:30:00,1.49,19.2,27.64,0.76,1016.2,0
2025-01-04 16:45:00,0.8,-0.9,24.78,0.93,1018.7,0
2025-01-04 17:00:00,1.49,19.5,22.89,1.03,1014.8,0
2025-01-04 17:15:00,1.3,28.9,24.43,0.15,1010.4,0
2025-01-04 17:30:00,1.73,10.2,18.67,1.18,1017.7,0
2025-01-04 17:45:00,0.92,26.8,25.23,0.61,1018.4,0
2025-01-04 18:00:00,1.86,24.8,20.91,0.54,1015.5,0
2025-01-04 18:15:00,2.57,30.8,19.94,0.33,1006.4,0
2025-01-04 18:30:00,1.42,26.2,19.43,0.28,1015.2,0
2025-01-04 18:45:00,1.78,15.3,27.34,0.46,1022.6,0
2025-01-04 19:00:00,1.98,37.0,22.11,0.72,1008.2,0
2025-01-04 19:15:00,1.22,23.4,28.6,1.78,1029.8,0
2025-01-04 19:30:00,1.66,24.7,22.39,0.79,1008.8,0
2025-01-04 19:45:00,1.51,15.7,18.88,1.07,1013.3,0
2025-01-04 20:00:00,1.57,20.6,20.65,1.16,1007.6,0
2025-01-04 20:15:00,0.96,16.2,27.71,1.05,1014.8,0
2025-01-04 20:30:00,1.52,23.3,23.53,0.97,999.1,1
2025-01-04 20:45:00,1.85,42.1,22.36,0.52,1008.6,0
2025-01-04 21:00:00,2.52,11.3,24.48,1.58,1004.3,0
2025-01-04 21:15:00,2.17,8.9,25.51,1.72,1014.1,0
2025-01-04 21:30:00,3.01,39.7,27.35,0.33,1021.0,1
2025-01-04 21:45:00,0.96,22.9,28.35,0.59,1018.2,0
2025-01-04 22:00:00,2.11,18.3,22.92,0.89,994.0,1
2025-01-04 22:15:00,1.63,35.4,20.02,0.61,1029.3,0
2025-01-04 22:30:00,3.03,18.9,22.76,1.2,1015.4,1
2025-01-04 22:45:00,0.93,43.3,24.78,0.71,1006.8,0
2025-01-04 23:00:00,0.91,31.8,21.11,1.87,1014.3,0
2025-01-04 23:15:00,1.08,20.1,21.13,1.48,1014.4,0
2025-01-04 23:30:00,0.01,46.6,25.03,1.09,1007.7,0
2025-01-04 23:45:00,1.13,18.9,23.85,1.41,1014.6,0
2025-01-05 00:00:00,0.97,32.4,24.1,1.44,1008.1,0
2025-01-05 00:15:00,1.61,28.0,21.72,0.77,1009.8,0
2025-01-05 00:30:00,1.74,38.0,23.31,0.67,1007.5,0
2025-01-05 00:45:00,2.81,40.6,21.23,1.03,1001.5,0
2025-01-05 01:00:00,2.17,25.3,26.67,1.34,1014.2,0
2025-01-05 01:15:00,1.1,17.5,27.11,1.06,1017.7,0
2025-01-05 01:30:00,0.87,29.6,18.46,0.37,1017.1,0
2025-01-05 01:45:00,1.84,18.2,21.21,0.68,1019.6,0
2025-01-05 02:00:00,0.58,45.1,19.51,0.97,1015.6,0
2025-01-05 02:15:00,2.78,26.4,22.05,0.97,1008.7,0
2025-01-05 02:30:00,2.33,21.3,23.75,1.79,1019.7,0
2025-01-05 02:45:00,1.17,26.8,19.65,0.45,1002.1,0
2025-01-05 03:00:00,0.3,11.5,21.23,1.2,1005.8,0
2025-01-05 03:15:00,2.45,15.3,20.99,1.6,1005.3,0
2025-01-05 03:30:00,1.42,37.0,24.62,1.91,1021.6,0
2025-01-05 03:45:00,2.37,18.4,24.21,0.84,1020.5,0
2025-01-05 04:00:00,0.38,14.5,21.83,1.2,1016.9,0
2025-01-05 04:15:00,1.08,30.4,24.53,1.23,1021.6,0
2025-01-05 04:30:00,1.5,36.9,22.36,1.08,1006.0,0
2025-01-05 04:45:00,1.53,32.2,23.19,0.96,1015.8,0
2025-01-05 05:00:00,1.18,35.0,29.02,1.17,1012.0,0
2025-01-05 05:15:00,1.94,17.4,28.02,-0.01,1019.8,0
2025-01-05 05:30:00,0.75,10.8,20.1,1.27,1012.1,0
2025-01-05 05:45:00,1.4,40.0,26.49,1.05,1009.9,0
2025-01-05 06:00:00,1.58,21.8,26.43,0.91,1017.3,0
2025-01-05 06:15:00,1.86,22.5,20.56,1.82,1020.0,0
2025-01-05 06:30:00,2.0,38.3,26.46,0.73,1007.7,0
2025-01-05 06:45:00,0.71,30.6,28.61,0.84,1012.5,0
2025-01-05 07:00:00,0.43,29.6,20.63,1.8,1004.5,0
2025-01-05 07:15:00,2.39,46.7,21.25,0.67,993.0,1
2025-01-05 07:30:00,1.73,18.6,27.05,0.78,1014.6,0
2025-01-05 07:45:00,0.98,34.3,24.81,0.94,1017.9,0
2025-01-05 08:00:00,2.59,25.6,25.65,1.34,1015.1,0
2025-01-05 08:15:00,1.58,27.7,25.02,1.08,997.4,1
2025-01-05 08:30:00,2.33,40.3,25.17,0.48,1010.2,0
2025-01-05 08:45:00,1.55,30.1,20.02,0.79,995.3,1
2025-01-05 09:00:00,2.94,30.4,27.14,0.76,1024.0,0
2025-01-05 09:15:00,2.73,35.7,27.51,0.97,1004.3,0
2025-01-05 09:30:00,1.33,21.4,23.31,1.17,1023.0,0
2025-01-05 09:45:00,2.18,16.6,23.87,1.17,1020.6,0
2025-01-05 10:00:00,1.95,14.6,19.41,0.29,1005.8,0
2025-01-05 10:15:00,2.46,5.3,25.54,1.43,1003.9,0
2025-01-05 10:30:00,0.82,45.6,25.72,1.1,1015.8,0
2025-01-05 10:45:00,1.98,14.0,23.81,1.55,1006.2,0
2025-01-05 11:00:00,2.24,22.8,27.37,1.18,1013.8,0
2025-01-05 11:15:00,0.27,22.2,23.0,1.44,1009.1,0
2025-01-05 11:30:00,0.67,28.1,25.69,1.19,998.8,1
2025-01-05 11:45:00,0.07,33.2,20.94,1.54,995.2,1
2025-01-05 12:00:00,1.31,33.6,23.93,1.21,1014.8,0
2025-01-05 12:15:00,2.0,19.2,23.48,0.96,1008.5,0
2025-01-05 12:30:00,2.55,23.3,24.68,1.91,1008.6,0
2025-01-05 12:45:00,1.55,27.8,22.89,1.36,1018.6,0
2025-01-05 13:00:00,2.64,22.5,23.61,1.23,1022.4,0
2025-01-05 13:15:00,0.53,41.1,26.48,0.49,1010.8,0
2025-01-05 13:30:00,0.31,29.9,22.69,0.48,1010.3,0
2025-01-05 13:45:00,1.46,32.3,19.18,1.12,1017.0,0
2025-01-05 14:00:00,1.77,31.6,29.25,1.06,1002.1,0
2025-01-05 14:15:00,1.48,36.7,28.14,0.75,1014.8,0
2025-01-05 14:30:00,0.05,26.8,20.12,1.06,1017.4,0
2025-01-05 14:45:00,1.44,12.0,26.07,1.64,1018.4,0
2025-01-05 15:00:00,0.59,29.0,22.49,1.28,997.5,1
2025-01-05 15:15:00,1.97,18.5,24.79,0.54,1006.9,0
2025-01-05 15:30:00,1.76,19.7,24.88,0.96,1006.0,0
2025-01-05 15:45:00,0.84,30.9,23.3,0.68,1013.8,0
2025-01-05 16:00:00,1.14,37.4,21.65,0.84,1016.8,0
2025-01-05 16:15:00,0.76,25.2,21.93,0.83,1025.0,0
2025-01-05 16:30:00,1.46,28.1,21.25,0.81,1009.0,0
2025-01-05 16:45:00,2.17,42.0,21.5,0.5,1009.0,0
2025-01-05 17:00:00,0.81,27.4,23.8,0.95,1022.2,0
2025-01-05 17:15:00,1.85,51.0,21.85,0.78,1015.4,0
2025-01-05 17:30:00,1.13,30.7,26.05,-0.17,1023.1,0
2025-01-05 17:45:00,0.94,7.4,28.46,1.82,1015.3,0
2025-01-05 18:00:00,1.43,32.5,22.26,1.44,1003.7,0
2025-01-05 18:15:00,0.78,28.8,24.72,0.85,1002.3,0
2025-01-05 18:30:00,1.11,37.9,25.5,1.01,1000.6,0
2025-01-05 18:45:00,0.66,31.7,25.42,0.53,1018.3,0
2025-01-05 19:00:00,2.88,23.6,24.23,1.68,1022.5,0
2025-01-05 19:15:00,1.52,12.8,26.23,1.76,1027.8,0
2025-01-05 19:30:00,1.01,22.9,25.45,1.06,1019.7,0
2025-01-05 19:45:00,1.65,16.5,20.29,1.41,1022.3,0
2025-01-05 20:00:00,1.42,19.2,26.61,1.07,1008.4,0
2025-01-05 20:15:00,1.35,30.9,26.66,0.47,1003.7,0
2025-01-05 20:30:00,1.93,41.7,21.71,0.84,1019.8,0
2025-01-05 20:45:00,2.03,28.9,24.11,1.05,1016.3,0
2025-01-05 21:00:00,1.13,13.0,26.05,0.82,1013.9,0
2025-01-05 21:15:00,1.1,29.4,23.37,0.91,1016.1,0
2025-01-05 21:30:00,1.31,37.0,27.22,0.96,1015.6,0
2025-01-05 21:45:00,-0.11,18.9,31.09,0.97,1023.3,0
2025-01-05 22:00:00,0.44,23.7,21.64,1.02,1023.4,0
2025-01-05 22:15:00,2.46,25.1,19.86,0.58,1017.4,0
2025-01-05 22:30:00,2.65,17.2,24.91,0.71,1019.8,0
2025-01-05 22:45:00,1.33,31.5,26.16,0.49,1017.1,0
2025-01-05 23:00:00,1.9,23.8,23.31,1.39,1009.3,0
2025-01-05 23:15:00,1.72,29.2,28.36,0.16,1019.1,0
2025-01-05 23:30:00,3.66,16.1,19.98,1.46,1001.8,1
2025-01-05 23:45:00,2.28,20.6,26.08,1.55,1021.4,0
2025-01-06 00:00:00,1.41,32.2,22.18,0.88,1003.4,0
2025-01-06 00:15:00,0.83,21.3,29.16,-0.04,1015.3,0
2025-01-06 00:30:00,0.38,42.3,29.98,0.86,1006.2,0
2025-01-06 00:45:00,1.64,21.0,21.7,0.97,1017.4,0
2025-01-06 01:00:00,0.97,27.2,22.35,0.6,1012.7,0
2025-01-06 01:15:00,0.5,34.3,26.58,0.79,1000.2,0
2025-01-06 01:30:00,1.05,10.8,22.84,1.61,1016.4,0
2025-01-06 01:45:00,0.74,7.4,23.86,1.27,1008.4,0
2025-01-06 02:00:00,2.68,9.7,24.08,0.63,1020.0,0
2025-01-06 02:15:00,2.12,37.6,18.24,0.36,1013.0,0
2025-01-06 02:30:00,1.49,19.5,23.96,0.87,1016.2,0
2025-01-06 02:45:00,2.54,50.6,21.93,0.91,1005.3,0
2025-01-06 03:00:00,1.55,19.4,22.52,1.2,1008.3,0
2025-01-06 03:15:00,0.9,26.8,28.33,0.79,1009.3,0
2025-01-06 03:30:00,2.57,40.4,20.23,1.2,1019.9,0
2025-01-06 03:45:00,1.88,45.1,26.44,1.77,1026.4,0
2025-01-06 04:00:00,0.77,45.6,23.16,1.33,1006.6,0
2025-01-06 04:15:00,1.37,37.1,23.16,0.98,1021.6,0
2025-01-06 04:30:00,0.89,35.2,26.37,0.93,995.6,1
2025-01-06 04:45:00,0.53,30.9,25.02,0.86,1003.4,0
2025-01-06 05:00:00,2.15,32.8,25.71,1.47,1005.3,0
2025-01-06 05:15:00,2.84,19.5,26.9,0.75,1002.2,0
2025-01-06 05:30:00,0.52,16.8,23.01,1.02,1000.3,0
2025-01-06 05:45:00,1.89,25.0,22.16,1.02,1016.3,0
2025-01-06 06:00:00,1.04,23.3,20.74,0.8,1011.3,0
2025-01-06 06:15:00,1.16,20.5,21.52,0.45,1016.0,0
2025-01-06 06:30:00,1.09,32.0,32.85,1.13,1018.5,0
2025-01-06 06:45:00,0.9,34.6,27.73,0.98,1015.1,0
2025-01-06 07:00:00,1.53,25.9,19.95,1.2,1018.3,0
2025-01-06 07:15:00,0.92,39.8,20.03,0.79,1012.4,0
2025-01-06 07:30:00,1.69,13.6,25.45,1.49,1003.5,0
2025-01-06 07:45:00,1.46,23.1,25.64,0.65,1021.5,0
2025-01-06 08:00:00,1.33,17.8,25.65,1.68,1008.3,0
2025-01-06 08:15:00,0.86,6.3,23.24,0.3,1005.5,0
2025-01-06 08:30:00,1.1,24.2,23.62,1.17,1011.6,0
2025-01-06 08:45:00,2.03,23.8,24.98,1.19,1005.7,0
2025-01-06 09:00:00,1.85,40.1,24.26,0.68,1009.7,0
2025-01-06 09:15:00,0.82,31.3,17.34,1.17,1015.8,0
2025-01-06 09:30:00,1.57,14.8,23.31,1.51,1015.8,0
2025-01-06 09:45:00,2.03,43.5,21.45,0.11,1005.8,0
2025-01-06 10:00:00,0.33,37.2,24.53,1.2,1009.1,0
2025-01-06 10:15:00,1.88,30.8,32.96,0.0,1021.6,0
2025-01-06 10:30:00,1.04,22.7,25.1,0.61,1017.0,0
2025-01-06 10:45:00,1.9,15.4,23.06,1.65,1029.6,0
2025-01-06 11:00:00,0.97,21.3,26.77,0.77,1022.4,0
2025-01-06 11:15:00,0.24,35.9,25.45,0.53,1022.2,0
2025-01-06 11:30:00,0.36,43.8,25.26,0.92,1001.9,0
2025-01-06 11:45:00,1.53,40.4,25.82,1.83,1019.1,0
2025-01-06 12:00:00,1.68,20.1,30.17,0.27,1012.6,0
2025-01-06 12:15:00,0.87,13.8,20.61,0.58,1008.6,0
2025-01-06 12:30:00,1.95,26.4,25.42,1.6,1014.3,0
2025-01-06 12:45:00,0.34,7.3,21.22,1.74,1020.6,0
2025-01-06 13:00:00,1.45,28.2,25.67,0.96,1017.0,0
2025-01-06 13:15:00,0.65,23.5,21.24,0.5,1006.0,0
2025-01-06 13:30:00,1.04,20.3,22.75,1.84,1018.9,0
2025-01-06 13:45:00,1.53,9.1,23.11,1.64,1007.9,0
2025-01-06 14:00:00,0.9,30.1,26.93,1.27,1014.7,0
2025-01-06 14:15:00,1.23,19.7,26.76,0.68,1010.6,0
2025-01-06 14:30:00,2.2,13.3,20.26,0.98,1011.2,0
2025-01-06 14:45:00,1.1,-3.7,24.16,0.94,1019.1,0
2025-01-06 15:00:00,2.08,24.7,21.87,1.13,1004.7,0
2025-01-06 15:15:00,0.71,42.7,20.22,1.58,1028.6,0
2025-01-06 15:30:00,1.87,41.6,23.35,1.35,998.4,1
2025-01-06 15:45:00,2.51,20.4,23.07,0.57,1008.2,0
2025-01-06 16:00:00,-0.23,19.0,31.28,1.55,1016.0,0
2025-01-06 16:15:00,0.94,29.7,25.3,1.13,1017.7,0
2025-01-06 16:30:00,1.9,15.0,19.87,1.27,1012.2,0
2025-01-06 16:45:00,1.36,28.0,22.31,1.59,1012.5,0
2025-01-06 17:00:00,1.76,32.7,27.06,0.56,1016.3,0
2025-01-06 17:15:00,1.08,37.3,30.27,0.99,1011.2,0
2025-01-06 17:30:00,1.56,24.0,19.24,0.79,1024.1,0
2025-01-06 17:45:00,1.39,23.0,18.36,0.37,1019.7,0
2025-01-06 18:00:00,2.32,16.2,29.61,1.14,1020.0,0
2025-01-06 18:15:00,1.68,16.7,25.17,2.0,1005.3,0
2025-01-06 18:30:00,1.74,22.7,21.4,0.26,1012.4,0
2025-01-06 18:45:00,1.21,28.7,25.6,0.99,1010.6,0
2025-01-06 19:00:00,1.16,34.1,16.09,1.26,1005.0,0
2025-01-06 19:15:00,1.2,17.0,24.01,1.05,1015.9,0
2025-01-06 19:30:00,1.78,39.9,24.98,0.95,1008.7,0
2025-01-06 19:45:00,1.21,22.3,26.77,0.48,1018.2,0
2025-01-06 20:00:00,1.7,24.8,20.96,1.09,1004.4,0
2025-01-06 20:15:00,2.95,17.5,24.26,0.7,1026.8,0
2025-01-06 20:30:00,2.11,0.8,21.22,0.12,1005.8,0
2025-01-06 20:45:00,1.27,33.8,24.77,1.48,1014.8,0
2025-01-06 21:00:00,2.34,32.4,21.31,1.38,1019.3,0
2025-01-06 21:15:00,1.21,22.2,22.78,1.02,1008.4,0
2025-01-06 21:30:00,0.07,25.7,21.01,1.09,1019.8,0
2025-01-06 21:45:00,0.79,30.2,25.95,1.43,1003.2,0
2025-01-06 22:00:00,0.19,9.4,26.58,1.09,1024.6,0
2025-01-06 22:15:00,1.25,19.7,23.3,1.36,1013.1,0
2025-01-06 22:30:00,1.51,32.9,24.11,0.88,1008.2,0
2025-01-06 22:45:00,2.67,12.5,19.65,1.52,1010.6,0
2025-01-06 23:00:00,1.73,27.9,23.1,1.13,1019.5,0
2025-01-06 23:15:00,1.35,11.4,23.85,1.08,1008.3,0
2025-01-06 23:30:00,2.08,29.7,31.86,0.49,1007.0,0
2025-01-06 23:45:00,-0.05,24.6,20.66,1.11,1011.2,0
2025-01-07 00:00:00,1.66,8.8,28.39,0.67,1003.6,0
2025-01-07 00:15:00,2.04,36.6,26.99,0.74,1027.6,0
2025-01-07 00:30:00,0.46,17.7,24.84,0.67,1008.5,0
2025-01-07 00:45:00,2.3,16.9,29.28,0.57,1019.7,0
2025-01-07 01:00:00,1.74,27.0,25.12,1.85,1014.7,0
2025-01-07 01:15:00,1.21,36.5,25.17,1.53,1005.1,0
2025-01-07 01:30:00,1.94,14.8,23.84,1.77,1013.0,0
2025-01-07 01:45:00,3.09,25.6,27.67,0.51,1019.3,1
2025-01-07 02:00:00,1.63,29.3,27.29,1.03,1011.5,0
2025-01-07 02:15:00,1.67,31.9,22.12,0.48,1022.5,0
2025-01-07 02:30:00,1.18,26.8,20.04,0.72,1021.2,0
2025-01-07 02:45:00,0.91,21.3,23.39,0.63,1020.4,0
2025-01-07 03:00:00,2.08,16.7,21.6,1.5,1009.3,0
2025-01-07 03:15:00,0.9,25.9,23.81,0.84,1004.4,0
2025-01-07 03:30:00,1.55,14.3,27.71,1.43,1008.1,0
2025-01-07 03:45:00,1.17,-4.2,22.63,1.24,1014.6,0
2025-01-07 04:00:00,1.84,29.4,23.87,1.92,1017.4,0
2025-01-07 04:15:00,1.73,34.0,24.17,0.41,995.6,1
2025-01-07 04:30:00,2.23,1.4,26.55,1.5,1012.9,0
2025-01-07 04:45:00,1.14,14.9,17.26,1.46,1014.3,0
2025-01-07 05:00:00,1.31,31.2,22.18,0.61,1010.8,0
2025-01-07 05:15:00,0.81,45.6,24.63,1.4,1023.3,0
2025-01-07 05:30:00,1.19,25.2,27.6,1.13,1016.4,0
2025-01-07 05:45:00,1.76,17.7,22.52,0.91,1023.5,0
2025-01-07 06:00:00,2.03,23.2,18.37,0.67,1011.3,0
2025-01-07 06:15:00,0.85,38.7,25.86,0.71,1020.5,0
2025-01-07 06:30:00,2.11,18.5,22.09,1.82,1026.1,0
2025-01-07 06:45:00,2.45,17.0,20.43,1.0,1023.5,0
2025-01-07 07:00:00,1.79,20.2,22.13,1.31,1004.3,0
2025-01-07 07:15:00,2.81,15.5,23.45,0.68,1011.0,0
2025-01-07 07:30:00,0.96,26.2,22.19,0.69,1010.2,0
2025-01-07 07:45:00,0.63,41.2,17.38,1.43,1016.9,0
2025-01-07 08:00:00,0.25,28.2,26.69,0.46,1018.5,0
2025-01-07 08:15:00,2.55,22.5,27.82,0.83,1006.3,0
2025-01-07 08:30:00,1.96,22.1,25.95,1.01,1013.5,0
2025-01-07 08:45:00,1.46,9.4,20.59,1.04,996.8,1
2025-01-07 09:00:00,1.7,33.8,23.4,0.93,1024.5,0
2025-01-07 09:15:00,0.71,24.2,23.98,1.16,1008.9,0
2025-01-07 09:30:00,3.21,23.2,25.8,1.28,1013.4,1
2025-01-07 09:45:00,1.59,56.9,26.01,1.29,1010.5,0
2025-01-07 10:00:00,1.58,28.0,21.8,0.61,1022.2,0
2025-01-07 10:15:00,2.01,17.5,24.25,0.89,990.3,1
2025-01-07 10:30:00,1.84,20.7,25.37,1.48,1012.9,0
2025-01-07 10:45:00,1.66,36.5,28.37,1.36,1012.2,0
2025-01-07 11:00:00,0.95,26.1,26.11,0.45,1009.4,0
2025-01-07 11:15:00,1.83,10.6,26.37,1.14,1026.8,0
2025-01-07 11:30:00,2.82,34.2,24.25,0.21,1005.9,0
2025-01-07 11:45:00,2.44,18.3,28.23,1.02,1019.2,0
2025-01-07 12:00:00,2.62,43.7,25.23,1.76,1015.9,0
2025-01-07 12:15:00,1.14,35.8,21.42,0.62,1023.1,0
2025-01-07 12:30:00,0.81,20.5,28.21,0.67,1007.7,0
2025-01-07 12:45:00,1.41,37.8,26.09,1.31,1007.1,0
2025-01-07 13:00:00,1.54,25.7,22.67,0.38,1021.8,0
2025-01-07 13:15:00,2.27,33.5,22.56,0.75,1016.4,0
2025-01-07 13:30:00,0.32,29.8,24.89,1.24,1000.6,0
2025-01-07 13:45:00,2.57,16.5,25.39,0.75,1008.7,0
2025-01-07 14:00:00,1.39,18.6,24.59,0.91,1016.1,0
2025-01-07 14:15:00,1.2,35.3,24.93,1.3,1019.7,0
2025-01-07 14:30:00,0.79,21.7,29.1,1.17,1007.6,0
2025-01-07 14:45:00,0.34,21.0,27.21,1.11,989.7,1
2025-01-07 15:00:00,2.08,15.4,24.57,0.86,1017.2,0
2025-01-07 15:15:00,1.55,29.2,26.82,1.15,1003.2,0
2025-01-07 15:30:00,0.6,45.6,20.9,0.95,996.9,1
2025-01-07 15:45:00,0.59,14.3,25.19,1.18,990.3,1
2025-01-07 16:00:00,1.26,25.2,29.43,0.8,1019.5,0
2025-01-07 16:15:00,2.67,39.1,23.35,0.93,1014.0,0
2025-01-07 16:30:00,1.32,24.2,21.46,0.6,1011.2,0
2025-01-07 16:45:00,0.45,29.5,22.04,0.99,1024.1,0
2025-01-07 17:00:00,1.33,14.4,20.73,0.68,1018.1,0
2025-01-07 17:15:00,1.31,29.3,21.65,0.55,1025.9,0
2025-01-07 17:30:00,-0.39,23.1,22.89,1.1,1001.9,0
2025-01-07 17:45:00,1.46,34.9,19.78,1.09,1012.7,0
2025-01-07 18:00:00,1.34,36.9,24.05,1.31,1000.1,0
2025-01-07 18:15:00,1.99,50.9,26.71,0.83,1011.2,0
2025-01-07 18:30:00,2.79,30.8,21.28,1.16,1011.0,0
2025-01-07 18:45:00,2.29,28.3,28.56,1.22,1018.0,0
2025-01-07 19:00:00,1.31,26.9,25.53,1.18,1013.4,0
2025-01-07 19:15:00,0.73,21.5,27.09,0.67,1018.0,0
2025-01-07 19:30:00,3.3,28.4,22.03,1.06,1018.6,1
2025-01-07 19:45:00,1.54,22.0,26.56,1.15,1030.2,0
2025-01-07 20:00:00,1.51,26.7,20.72,1.0,1010.5,0
2025-01-07 20:15:00,1.48,38.2,26.67,0.17,1005.5,0
2025-01-07 20:30:00,1.64,14.9,24.52,1.06,1015.0,0
2025-01-07 20:45:00,1.4,36.4,25.66,1.89,1006.6,0
2025-01-07 21:00:00,1.1,38.2,20.47,0.86,1024.9,0
2025-01-07 21:15:00,1.12,23.8,21.31,0.71,1010.7,0
2025-01-07 21:30:00,1.48,3.8,25.79,1.15,1008.5,0
2025-01-07 21:45:00,1.12,18.9,21.15,1.12,1009.2,0
2025-01-07 22:00:00,1.0,38.0,25.39,1.48,1018.7,0
2025-01-07 22:15:00,1.57,24.8,19.9,0.5,1011.7,0
2025-01-07 22:30:00,1.32,15.0,26.54,1.29,1007.9,0
2025-01-07 22:45:00,2.55,20.0,20.3,1.24,1026.3,0
2025-01-07 23:00:00,-0.36,33.4,25.66,0.94,1006.2,0
2025-01-07 23:15:00,2.26,30.5,25.88,1.14,1013.3,0
2025-01-07 23:30:00,2.37,22.6,21.91,1.41,1018.2,0
2025-01-07 23:45:00,0.05,21.3,25.75,1.35,999.9,1
2025-01-08 00:00:00,1.26,21.1,24.78,0.54,1016.8,0
2025-01-08 00:15:00,1.24,15.8,22.38,1.33,1004.6,0
2025-01-08 00:30:00,0.51,41.2,20.97,0.97,1019.6,0
2025-01-08 00:45:00,0.96,21.8,18.11,1.03,1005.3,0
2025-01-08 01:00:00,0.72,37.2,25.05,1.03,1018.5,0
2025-01-08 01:15:00,2.73,40.2,19.31,0.94,1021.8,0
2025-01-08 01:30:00,2.15,35.0,24.29,1.48,1019.9,0
2025-01-08 01:45:00,2.39,20.7,23.21,0.97,1015.0,0
2025-01-08 02:00:00,2.01,29.0,26.04,0.55,1011.1,0
2025-01-08 02:15:00,0.71,24.8,23.09,0.84,1008.4,0
2025-01-08 02:30:00,1.13,16.0,23.01,1.07,1024.8,0
2025-01-08 02:45:00,1.84,28.2,26.2,1.49,1007.4,0
2025-01-08 03:00:00,0.64,13.2,25.01,1.24,1004.7,0
2025-01-08 03:15:00,2.0,36.9,24.95,0.66,1018.3,0
2025-01-08 03:30:00,1.33,20.4,25.41,1.99,1006.6,0
2025-01-08 03:45:00,1.24,27.0,19.39,1.11,1005.4,0
2025-01-08 04:00:00,2.0,27.8,26.27,1.51,1001.5,0
2025-01-08 04:15:00,1.81,22.4,25.84,0.94,1009.1,0
2025-01-08 04:30:00,1.25,30.9,20.95,1.21,1012.3,0
2025-01-08 04:45:00,2.31,20.3,23.27,1.34,1014.9,0
2025-01-08 05:00:00,0.74,33.7,23.88,1.49,1020.6,0
2025-01-08 05:15:00,1.93,11.5,23.6,1.42,1017.2,0
2025-01-08 05:30:00,1.92,26.3,25.0,1.35,1011.5,0
2025-01-08 05:45:00,1.28,44.4,28.29,0.87,1011.4,0
2025-01-08 06:00:00,1.73,15.0,27.25,0.77,1017.1,0
2025-01-08 06:15:00,0.62,18.2,20.06,1.13,1023.2,0
2025-01-08 06:30:00,2.15,30.1,25.87,1.37,1014.0,0
2025-01-08 06:45:00,1.37,26.8,27.99,0.91,1009.2,0
2025-01-08 07:00:00,1.13,28.5,25.16,1.43,1005.1,0
2025-01-08 07:15:00,2.23,29.9,27.27,1.58,1001.4,0
2025-01-08 07:30:00,1.01,31.3,30.04,0.63,1018.3,0
2025-01-08 07:45:00,0.51,36.1,27.07,0.67,1017.6,0
2025-01-08 08:00:00,0.41,29.1,24.75,0.94,1017.6,0
2025-01-08 08:15:00,1.92,22.6,27.14,1.12,1012.0,0
2025-01-08 08:30:00,0.6,31.7,24.43,0.79,1024.3,0
2025-01-08 08:45:00,2.73,44.0,24.07,1.54,1009.1,0
2025-01-08 09:00:00,0.04,23.7,22.95,1.17,1020.6,0
2025-01-08 09:15:00,2.69,15.3,28.69,1.02,1012.7,0
2025-01-08 09:30:00,1.65,36.1,21.54,0.43,1008.1,0
2025-01-08 09:45:00,1.43,23.8,28.6,0.47,1017.7,0
2025-01-08 10:00:00,1.12,3.3,25.5,1.11,1016.3,0
2025-01-08 10:15:00,1.78,33.5,19.8,0.15,1015.9,0
2025-01-08 10:30:00,1.47,19.6,25.1,1.41,1013.7,0
2025-01-08 10:45:00,2.27,24.1,17.7,0.94,1012.7,0
2025-01-08 11:00:00,1.58,28.3,25.88,2.3,1032.1,0
2025-01-08 11:15:00,1.61,26.9,26.66,1.92,1022.5,0
2025-01-08 11:30:00,1.25,32.1,22.22,0.93,1018.8,0
2025-01-08 11:45:00,1.46,20.6,24.37,0.96,1013.9,0
2025-01-08 12:00:00,1.72,30.1,29.86,1.4,1021.1,0
2025-01-08 12:15:00,0.3,22.4,22.48,1.68,1017.1,0
2025-01-08 12:30:00,0.56,32.4,20.82,0.34,1013.2,0
2025-01-08 12:45:00,2.02,31.2,28.44,0.29,1010.6,0
2025-01-08 13:00:00,1.62,15.6,29.89,0.75,1012.4,0
2025-01-08 13:15:00,1.37,35.9,24.01,1.23,987.6,1
2025-01-08 13:30:00,1.51,19.6,27.03,1.2,1014.7,0
2025-01-08 13:45:00,1.74,33.1,28.02,1.43,1009.1,0
2025-01-08 14:00:00,1.12,28.7,21.77,0.52,1025.7,0
2025-01-08 14:15:00,0.96,43.4,22.54,0.07,1013.2,0
2025-01-08 14:30:00,1.64,22.8,27.69,1.34,1003.5,0
2025-01-08 14:45:00,0.82,21.5,29.06,0.67,1012.6,0
2025-01-08 15:00:00,1.79,24.8,25.69,0.19,1004.6,0
2025-01-08 15:15:00,0.31,22.0,21.36,1.06,1016.8,0
2025-01-08 15:30:00,2.22,33.0,29.96,1.32,1015.3,0
2025-01-08 15:45:00,1.83,8.8,22.41,0.95,1020.7,0
2025-01-08 16:00:00,1.68,14.5,22.99,0.82,1006.7,0
2025-01-08 16:15:00,2.19,14.3,25.03,0.94,1013.3,0
2025-01-08 16:30:00,2.67,34.5,28.66,0.85,1002.1,0
2025-01-08 16:45:00,2.21,42.1,26.56,0.46,1018.6,0
2025-01-08 17:00:00,0.21,24.0,25.24,0.71,1017.2,0
2025-01-08 17:15:00,0.6,23.3,25.39,1.21,1017.0,0
2025-01-08 17:30:00,1.06,25.7,24.13,1.13,1013.0,0
2025-01-08 17:45:00,1.52,36.6,25.67,1.07,1016.3,0
2025-01-08 18:00:00,1.86,15.7,16.41,0.6,1025.8,0
2025-01-08 18:15:00,0.99,27.4,23.11,0.93,1010.7,0
2025-01-08 18:30:00,1.63,34.8,24.72,0.13,1014.1,0
2025-01-08 18:45:00,0.97,30.0,20.55,1.07,1004.3,0
2025-01-08 19:00:00,1.07,26.9,25.16,1.57,1006.1,0
2025-01-08 19:15:00,0.52,35.0,23.39,0.41,1013.8,0
2025-01-08 19:30:00,0.85,-2.0,29.27,0.77,1021.8,0
2025-01-08 19:45:00,0.55,31.8,28.72,1.13,1010.9,0
2025-01-08 20:00:00,0.82,18.5,22.6,1.5,1011.1,0
2025-01-08 20:15:00,2.24,6.7,23.55,0.82,1009.7,0
2025-01-08 20:30:00,0.84,30.1,23.78,0.72,1008.7,0
2025-01-08 20:45:00,3.34,38.7,22.65,0.21,1015.4,1
2025-01-08 21:00:00,1.85,23.6,24.59,1.04,1001.0,0
2025-01-08 21:15:00,1.63,34.5,21.73,1.82,1023.2,0
2025-01-08 21:30:00,0.9,41.1,20.61,1.11,1007.7,0
2025-01-08 21:45:00,1.99,38.1,25.87,0.99,1018.8,0
2025-01-08 22:00:00,1.1,41.4,25.89,1.13,1002.8,0
2025-01-08 22:15:00,1.59,32.4,21.59,1.0,1018.4,0
2025-01-08 22:30:00,3.29,25.8,26.69,0.67,1018.4,1
2025-01-08 22:45:00,1.43,9.0,22.11,1.33,1016.1,0
2025-01-08 23:00:00,2.3,22.5,24.76,1.09,1005.0,0
2025-01-08 23:15:00,1.01,16.6,26.46,1.01,1015.0,0
2025-01-08 23:30:00,1.48,46.7,23.9,0.61,1003.5,0
2025-01-08 23:45:00,2.74,23.2,25.36,1.52,1011.0,0
2025-01-09 00:00:00,1.06,26.2,22.45,1.27,1021.2,0
2025-01-09 00:15:00,2.77,30.5,23.41,0.78,1019.4,0
2025-01-09 00:30:00,2.0,25.4,23.38,1.4,1013.1,0
2025-01-09 00:45:00,1.11,42.0,21.76,0.8,1005.2,0
2025-01-09 01:00:00,1.94,18.8,23.47,0.69,1018.2,0
2025-01-09 01:15:00,2.18,26.9,19.35,0.7,1013.2,0
2025-01-09 01:30:00,1.94,17.6,22.53,0.29,994.4,1
2025-01-09 01:45:00,0.4,11.8,23.15,1.19,1019.3,0
2025-01-09 02:00:00,0.99,18.9,23.23,0.27,1012.8,0
2025-01-09 02:15:00,1.33,24.6,23.28,0.51,1022.6,0
2025-01-09 02:30:00,1.45,20.7,23.81,0.17,1004.2,0
2025-01-09 02:45:00,1.93,18.1,25.44,0.97,987.6,1
2025-01-09 03:00:00,1.62,10.9,26.62,0.94,1015.2,0
2025-01-09 03:15:00,0.57,24.2,22.05,0.87,1015.3,0
2025-01-09 03:30:00,1.77,10.0,20.39,0.58,999.5,1
2025-01-09 03:45:00,1.93,32.6,20.87,0.53,1005.2,0
2025-01-09 04:00:00,1.89,25.8,22.54,1.19,1035.0,0
2025-01-09 04:15:00,2.26,10.4,22.94,0.78,1010.6,0
2025-01-09 04:30:00,2.08,21.9,21.69,1.13,1018.8,0
2025-01-09 04:45:00,1.82,17.5,20.11,0.65,1007.8,0
2025-01-09 05:00:00,1.45,28.2,22.63,1.07,996.3,1
2025-01-09 05:15:00,0.34,38.4,24.54,1.52,1011.6,0
2025-01-09 05:30:00,1.8,6.2,25.79,1.23,1010.9,0
2025-01-09 05:45:00,1.65,26.2,22.33,0.84,1009.8,0
2025-01-09 06:00:00,1.69,23.4,22.76,1.1,1012.1,0
2025-01-09 06:15:00,0.61,31.7,21.22,0.9,1015.1,0
2025-01-09 06:30:00,0.74,27.1,23.91,1.0,1011.8,0
2025-01-09 06:45:00,2.24,17.5,21.45,0.87,1002.9,0
2025-01-09 07:00:00,1.47,21.8,25.72,0.93,1016.9,0
2025-01-09 07:15:00,1.98,17.0,18.64,1.08,997.4,1
2025-01-09 07:30:00,1.52,35.8,22.92,0.6,996.6,1
2025-01-09 07:45:00,1.52,25.2,24.9,0.59,1018.9,0
2025-01-09 08:00:00,2.16,44.0,24.55,0.44,1017.1,0
2025-01-09 08:15:00,1.14,24.4,32.08,0.36,1012.5,0
2025-01-09 08:30:00,1.57,17.9,25.05,0.51,1001.8,0
2025-01-09 08:45:00,1.18,9.9,20.99,1.06,1007.3,0
2025-01-09 09:00:00,1.2,7.0,23.71,0.64,1010.9,0
2025-01-09 09:15:00,1.28,9.2,18.67,1.21,1000.2,0
2025-01-09 09:30:00,1.66,27.7,23.76,1.01,1007.1,0
2025-01-09 09:45:00,1.16,30.1,21.5,0.21,1018.2,0
2025-01-09 10:00:00,2.38,9.2,26.75,1.26,1024.4,0
2025-01-09 10:15:00,0.87,34.0,22.35,1.32,1009.6,0
2025-01-09 10:30:00,1.37,20.2,23.65,0.6,1019.1,0
2025-01-09 10:45:00,1.19,26.5,22.09,1.17,997.7,1
2025-01-09 11:00:00,2.51,41.1,29.22,0.66,1018.3,0
2025-01-09 11:15:00,1.64,34.0,23.04,1.04,1006.6,0
2025-01-09 11:30:00,2.22,22.3,29.5,0.49,1015.5,0
2025-01-09 11:45:00,0.46,16.1,26.44,0.28,1011.0,0
2025-01-09 12:00:00,1.69,3.5,25.45,0.85,1023.6,0
2025-01-09 12:15:00,2.12,17.8,25.11,0.95,1006.0,0
2025-01-09 12:30:00,1.56,22.9,25.18,0.84,1018.0,0
2025-01-09 12:45:00,2.25,15.1,18.22,0.53,1010.8,0
2025-01-09 13:00:00,1.14,23.7,23.16,0.84,1011.7,0
2025-01-09 13:15:00,2.49,25.8,26.54,1.11,1011.5,0
2025-01-09 13:30:00,3.11,22.8,23.85,0.98,1006.2,1
2025-01-09 13:45:00,1.25,18.5,19.78,1.07,1012.9,0
2025-01-09 14:00:00,1.19,26.7,23.84,0.73,1012.5,0
2025-01-09 14:15:00,2.52,29.4,29.11,1.47,1014.9,0
2025-01-09 14:30:00,2.61,14.1,27.74,0.53,1013.7,0
2025-01-09 14:45:00,1.13,39.1,23.81,1.2,1019.4,0
2025-01-09 15:00:00,1.21,24.0,26.85,1.47,1020.4,0
2025-01-09 15:15:00,1.3,25.2,22.9,1.19,1004.6,0
2025-01-09 15:30:00,0.56,32.1,18.89,0.92,1020.0,0
2025-01-09 15:45:00,0.86,27.3,21.23,0.79,1003.5,0
2025-01-09 16:00:00,0.8,34.5,28.69,1.41,1017.7,0
2025-01-09 16:15:00,0.96,27.9,23.18,0.43,1018.0,0
2025-01-09 16:30:00,1.48,18.9,23.27,0.61,997.7,1
2025-01-09 16:45:00,1.66,28.6,23.1,0.84,1013.7,0
2025-01-09 17:00:00,2.59,13.6,29.71,1.5,1009.3,0
2025-01-09 17:15:00,0.8,26.1,28.88,1.15,1006.9,0
2025-01-09 17:30:00,2.19,24.7,30.66,0.61,1023.8,0
2025-01-09 17:45:00,1.35,22.9,23.52,0.88,1007.8,0
2025-01-09 18:00:00,1.47,23.7,24.89,0.75,1006.5,0
2025-01-09 18:15:00,1.97,6.2,19.45,0.72,1013.6,0
2025-01-09 18:30:00,0.71,19.5,28.43,1.39,1018.5,0
2025-01-09 18:45:00,1.77,25.9,20.5,0.45,1011.9,0
2025-01-09 19:00:00,1.62,26.6,24.65,1.64,1022.3,0
2025-01-09 19:15:00,1.84,14.7,20.71,1.33,1017.2,0
2025-01-09 19:30:00,1.7,37.7,22.23,1.44,995.6,1
2025-01-09 19:45:00,3.22,16.3,21.49,0.81,1008.8,1
2025-01-09 20:00:00,1.05,34.7,22.18,0.94,1008.5,0
2025-01-09 20:15:00,1.13,29.3,22.38,0.43,1016.8,0
2025-01-09 20:30:00,1.06,18.5,22.36,0.79,992.0,1
2025-01-09 20:45:00,1.11,42.8,26.5,1.2,1033.4,0
2025-01-09 21:00:00,1.05,13.1,20.69,1.52,1017.2,0
2025-01-09 21:15:00,2.33,34.2,24.66,0.56,1014.2,0
2025-01-09 21:30:00,2.49,35.0,27.65,0.85,1022.5,0
2025-01-09 21:45:00,1.1,18.3,22.46,0.94,1031.7,0
2025-01-09 22:00:00,0.92,38.9,21.85,0.44,1020.0,0
2025-01-09 22:15:00,1.83,22.5,23.31,1.24,1020.6,0
2025-01-09 22:30:00,1.11,27.9,27.54,0.71,1014.0,0
2025-01-09 22:45:00,1.94,27.6,24.58,0.92,1011.9,0
2025-01-09 23:00:00,1.64,23.7,22.41,0.82,1009.2,0
2025-01-09 23:15:00,0.44,33.1,25.45,0.68,1006.4,0
2025-01-09 23:30:00,2.58,32.9,20.69,1.0,1007.5,0
2025-01-09 23:45:00,2.76,7.5,26.04,0.91,1002.2,0
2025-01-10 00:00:00,1.07,38.0,25.23,0.85,1012.4,0
2025-01-10 00:15:00,1.23,8.4,23.08,0.71,999.5,1
2025-01-10 00:30:00,1.7,35.3,21.48,1.13,1014.5,0
2025-01-10 00:45:00,1.73,36.3,21.34,1.66,1012.7,0
2025-01-10 01:00:00,1.96,14.1,25.6,1.06,1014.2,0
2025-01-10 01:15:00,2.91,20.9,27.69,1.4,1008.8,0
2025-01-10 01:30:00,1.38,13.9,22.09,0.44,1037.6,0
2025-01-10 01:45:00,0.94,22.9,25.38,1.06,1023.9,0
2025-01-10 02:00:00,0.53,21.9,17.74,0.56,1003.0,0
2025-01-10 02:15:00,0.99,32.8,22.25,0.41,1014.9,0
2025-01-10 02:30:00,1.48,38.1,23.91,0.7,1008.1,0
2025-01-10 02:45:00,2.76,39.0,21.27,1.48,1004.9,0
2025-01-10 03:00:00,1.14,19.4,21.19,1.38,1002.3,0
2025-01-10 03:15:00,1.66,22.9,22.0,1.1,1016.5,0
2025-01-10 03:30:00,1.49,8.2,24.88,0.39,1007.5,0
2025-01-10 03:45:00,2.33,16.9,23.44,0.92,1020.7,0
2025-01-10 04:00:00,3.27,34.6,17.29,1.12,1021.0,1
2025-01-10 04:15:00,1.13,41.2,17.64,1.07,1024.0,0
2025-01-10 04:30:00,1.16,12.7,22.18,0.26,1006.2,0
2025-01-10 04:45:00,2.23,19.1,25.37,0.64,1016.8,0
2025-01-10 05:00:00,1.98,24.7,15.76,0.97,1018.1,0
2025-01-10 05:15:00,2.79,27.8,22.5,1.21,1009.2,0
2025-01-10 05:30:00,1.91,16.9,22.42,0.12,1006.8,0
2025-01-10 05:45:00,1.25,29.2,28.17,0.94,1025.9,0
2025-01-10 06:00:00,1.91,20.3,22.84,1.06,1014.8,0
2025-01-10 06:15:00,2.28,24.9,25.15,1.34,1018.1,0
2025-01-10 06:30:00,2.07,30.5,24.42,1.28,1006.4,0
2025-01-10 06:45:00,1.86,25.1,17.61,1.23,1003.2,0
2025-01-10 07:00:00,2.25,20.6,26.3,0.68,1008.4,0
2025-01-10 07:15:00,2.32,23.9,24.65,0.24,1012.0,0
2025-01-10 07:30:00,2.47,24.1,25.52,0.84,1004.5,0
2025-01-10 07:45:00,1.95,21.3,35.78,1.4,1012.9,0
2025-01-10 08:00:00,1.38,22.4,17.75,1.56,999.5,1
2025-01-10 08:15:00,1.6,41.0,29.17,1.28,1004.0,0
2025-01-10 08:30:00,2.34,30.6,23.14,1.17,1018.4,0
2025-01-10 08:45:00,0.93,22.0,24.86,1.15,1017.8,0
2025-01-10 09:00:00,1.76,32.0,23.86,0.78,1009.9,0
2025-01-10 09:15:00,1.22,21.7,22.73,0.95,1004.9,0
2025-01-10 09:30:00,1.52,36.7,22.29,1.67,1004.8,0
2025-01-10 09:45:00,2.39,28.7,24.99,0.62,1010.0,0
2025-01-10 10:00:00,1.63,23.9,19.45,1.65,1018.2,0
2025-01-10 10:15:00,1.53,29.5,26.25,0.87,1020.4,0
2025-01-10 10:30:00,0.55,9.3,22.75,1.53,1009.0,0
2025-01-10 10:45:00,2.02,13.7,20.61,0.44,1003.8,0
2025-01-10 11:00:00,1.95,13.1,22.65,1.23,1015.1,0
2025-01-10 11:15:00,3.01,26.4,27.77,0.71,1006.4,1
2025-01-10 11:30:00,1.28,42.3,22.39,0.43,1008.9,0
2025-01-10 11:45:00,1.65,47.3,25.08,1.09,1023.6,0
2025-01-10 12:00:00,1.67,31.4,21.81,1.4,1019.6,0
2025-01-10 12:15:00,2.6,30.0,26.27,0.66,1014.3,0
2025-01-10 12:30:00,1.43,7.0,26.06,0.4,1002.8,0
2025-01-10 12:45:00,1.7,19.6,29.55,0.96,1014.7,0
2025-01-10 13:00:00,1.93,17.1,23.47,0.97,1021.5,0
2025-01-10 13:15:00,1.63,18.8,26.01,1.22,1010.0,0
2025-01-10 13:30:00,1.19,23.3,24.29,1.38,1023.8,0
2025-01-10 13:45:00,1.64,20.3,27.89,0.98,1023.3,0
2025-01-10 14:00:00,2.25,5.2,21.84,1.74,1026.3,0
2025-01-10 14:15:00,0.78,32.5,26.24,1.09,1015.4,0
2025-01-10 14:30:00,1.59,14.3,23.42,0.86,1017.7,0
2025-01-10 14:45:00,1.01,27.4,23.81,0.36,1024.3,0
2025-01-10 15:00:00,2.34,45.7,24.28,0.89,1016.6,0
2025-01-10 15:15:00,0.43,15.8,24.76,0.87,1009.0,0
2025-01-10 15:30:00,1.11,-0.3,23.65,1.38,1009.4,0
2025-01-10 15:45:00,1.76,22.1,24.64,1.18,1014.9,0
2025-01-10 16:00:00,2.6,36.0,28.73,0.53,1002.7,0
2025-01-10 16:15:00,1.45,44.6,26.96,1.07,1011.9,0
2025-01-10 16:30:00,1.11,12.7,26.61,1.27,1021.8,0
2025-01-10 16:45:00,2.82,30.0,22.63,1.61,995.5,1
2025-01-10 17:00:00,0.49,20.3,21.33,1.36,1025.3,0
2025-01-10 17:15:00,-0.04,23.9,26.87,1.3,1022.0,0
2025-01-10 17:30:00,1.81,51.4,26.63,1.02,1009.3,0
2025-01-10 17:45:00,1.15,10.0,28.42,1.16,1017.3,0
2025-01-10 18:00:00,0.79,27.5,22.19,1.5,1013.0,0
2025-01-10 18:15:00,2.0,29.7,23.31,0.47,1022.8,0
2025-01-10 18:30:00,1.67,35.9,19.08,0.86,1020.9,0
2025-01-10 18:45:00,1.11,26.0,22.82,0.69,1001.8,0
2025-01-10 19:00:00,0.6,28.1,26.99,1.15,1017.7,0
2025-01-10 19:15:00,2.11,21.1,22.6,1.49,1011.4,0
2025-01-10 19:30:00,1.96,27.7,25.92,0.76,1013.7,0
2025-01-10 19:45:00,1.43,21.6,23.43,0.04,1007.2,0
2025-01-10 20:00:00,2.79,31.2,24.97,0.84,1027.0,0
2025-01-10 20:15:00,0.75,21.3,20.56,1.37,1021.3,0
2025-01-10 20:30:00,0.43,28.8,24.26,1.22,1007.1,0
2025-01-10 20:45:00,1.02,24.7,15.03,1.17,1002.3,0
2025-01-10 21:00:00,1.47,36.3,23.44,0.89,1009.9,0
2025-01-10 21:15:00,1.67,24.5,19.11,0.49,1016.5,0
2025-01-10 21:30:00,1.33,7.3,27.62,1.21,1014.9,0
2025-01-10 21:45:00,1.75,37.6,26.33,0.67,1023.0,0
2025-01-10 22:00:00,0.62,15.9,25.4,1.87,1019.3,0
2025-01-10 22:15:00,2.51,18.5,28.56,1.23,1020.8,0
2025-01-10 22:30:00,1.44,19.0,21.15,0.77,1015.6,0
2025-01-10 22:45:00,2.28,38.7,29.24,0.76,1001.9,0
2025-01-10 23:00:00,1.74,3.6,26.8,0.96,1011.4,0
2025-01-10 23:15:00,1.82,56.4,23.29,0.9,1021.5,0
2025-01-10 23:30:00,1.9,35.6,27.41,1.45,1012.6,0
2025-01-10 23:45:00,1.81,27.2,20.68,1.07,1017.0,0
2025-01-11 00:00:00,1.95,24.5,21.53,0.71,1010.5,0
2025-01-11 00:15:00,2.43,27.9,22.17,1.76,1004.8,0
2025-01-11 00:30:00,1.64,30.2,22.41,1.02,1012.0,0
2025-01-11 00:45:00,2.0,31.5,20.83,1.31,1015.5,0
2025-01-11 01:00:00,1.44,30.6,27.67,0.76,1007.8,0
2025-01-11 01:15:00,2.51,25.9,23.22,1.15,1011.1,0
2025-01-11 01:30:00,1.03,23.0,25.06,1.12,1005.5,0
2025-01-11 01:45:00,2.76,23.5,22.29,0.24,1022.0,0
2025-01-11 02:00:00,1.47,23.1,18.54,1.81,1010.6,0
2025-01-11 02:15:00,0.5,36.3,24.81,1.52,1024.6,0
2025-01-11 02:30:00,1.59,30.9,18.26,0.84,1025.2,0
2025-01-11 02:45:00,1.02,-4.4,23.79,0.56,1012.4,0
2025-01-11 03:00:00,2.09,31.6,19.9,1.14,1004.9,0
2025-01-11 03:15:00,1.04,26.9,29.96,1.03,996.3,1
2025-01-11 03:30:00,1.19,24.8,26.73,1.14,1001.2,0
2025-01-11 03:45:00,0.18,21.1,24.32,1.08,1002.0,0
2025-01-11 04:00:00,1.18,36.2,27.79,1.2,1024.0,0
2025-01-11 04:15:00,-0.2,34.5,21.46,1.58,1013.9,0
2025-01-11 04:30:00,0.39,17.3,25.63,1.23,1016.1,0
2025-01-11 04:45:00,2.03,29.1,24.6,0.58,995.2,1
2025-01-11 05:00:00,2.05,15.3,24.79,1.55,1003.4,0
2025-01-11 05:15:00,1.8,11.2,27.82,1.66,1020.1,0
2025-01-11 05:30:00,0.82,18.7,26.2,2.26,1015.3,0
2025-01-11 05:45:00,1.47,33.6,24.87,0.55,1011.8,0
2025-01-11 06:00:00,1.5,34.5,19.04,1.1,1017.5,0
2025-01-11 06:15:00,0.69,30.1,21.12,0.17,1026.1,0
2025-01-11 06:30:00,2.55,32.3,23.63,1.22,1011.2,0
2025-01-11 06:45:00,2.11,30.2,24.28,0.78,1013.6,0
2025-01-11 07:00:00,1.35,18.6,20.61,1.77,1014.5,0
2025-01-11 07:15:00,1.52,29.3,31.24,0.69,1032.1,0
2025-01-11 07:30:00,1.65,33.0,28.55,0.32,996.2,1
2025-01-11 07:45:00,0.07,32.5,25.81,0.81,1018.5,0
2025-01-11 08:00:00,1.33,36.9,24.22,0.21,1012.1,0
2025-01-11 08:15:00,1.02,32.1,23.36,1.3,1017.5,0
2025-01-11 08:30:00,0.8,28.5,21.14,0.17,1007.7,0
2025-01-11 08:45:00,1.3,35.7,24.23,1.01,1012.6,0
2025-01-11 09:00:00,2.76,24.7,24.77,0.17,1018.7,0
2025-01-11 09:15:00,1.95,16.2,20.27,0.87,1037.9,0
2025-01-11 09:30:00,1.1,23.4,25.0,1.66,1019.5,0
2025-01-11 09:45:00,1.9,17.6,23.53,1.14,1006.2,0
